<?xml version="1.0" encoding="UTF-8"?>
<project-private xmlns="http://www.netbeans.org/ns/project-private/1">
    <editor-bookmarks xmlns="http://www.netbeans.org/ns/editor-bookmarks/2" lastBookmarkId="0"/>
    <open-files xmlns="http://www.netbeans.org/ns/projectui-open-files/2">
        <group>
            <file>file:/D:/Program%20Files/Ampps/www/billing/application/views/firstpage.php</file>
            <file>file:/D:/Program%20Files/Ampps/www/billing/application/config/config.php</file>
            <file>file:/D:/Program%20Files/Ampps/www/billing/application/config/database.php</file>
            <file>file:/D:/Program%20Files/Ampps/www/billing/application/controllers/Hello.php</file>
            <file>file:/D:/Program%20Files/Ampps/www/billing/application/views/users.php</file>
            <file>file:/D:/Program%20Files/Ampps/www/billing/application/models/UserModel.php</file>
            <file>file:/D:/Program%20Files/Ampps/www/billing/application/views/newuserlist.php</file>
        </group>
    </open-files>
</project-private>
